threshold,accuracy,precision,recall,f1,auc_roc,TP,TN,FP,FN,N,prec_real,rec_real,f1_real,prec_fake,rec_fake,f1_fake,macro_f1,bacc,gmean,mcc,which_threshold
0.29500000000000004,0.76043701171875,0.8284015581220527,0.8955378250591015,0.8606624303307158,0.5040391794374386,12122,337,2511,1414,16384,0.19246145059965733,0.11832865168539326,0.14655359860839312,0.8284015581220529,0.8955378250591016,0.8606624303312151,0.5036080144698041,0.5069332383722475,0.32552693186971965,0.017008716155541826,MacroF1_opt
