accuracy,precision,recall,f1,auc_roc,TP,TN,FP,FN,N,threshold
0.75152587890625,0.9214533796419982,0.7644060283687942,0.8356147789213697,0.8160480447894255,10347,1966,882,3189,16384,0.5
