threshold,accuracy,precision,recall,f1,auc_roc,TP,TN,FP,FN,N,prec_real,rec_real,f1_real,prec_fake,rec_fake,f1_fake,macro_f1,bacc,gmean,mcc,which_threshold
0.3,0.756591796875,0.8287425974383693,0.8891105200945625,0.8578658493116397,0.5068942765193774,12035,361,2487,1501,16384,0.19387755102040816,0.1267556179775281,0.1532908704883227,0.8287425974383694,0.8891105200945626,0.8578658493121392,0.5055783599002309,0.5079330690360453,0.3357078393855403,0.018944508403707785,MacroF1_opt
