videos,threshold,accuracy,precision,recall,f1,auc_roc,TP,TN,FP,FN
512,0.3,0.771484375,0.829741379310343,0.9101654846335675,0.8680947012396342,0.5041039126623635,385,10,79,38
