class,support,precision,recall,accuracy_one_vs_all,TP,TN,FP,FN
0,89,0.20833333333332898,0.1123595505617965,0.771484375,10,385,38,79
1,423,0.829741379310343,0.9101654846335675,0.771484375,385,10,79,38
