videos,frame_threshold,vote_ratio,accuracy,precision,recall,f1,auc_roc,pr_auc,TP,TN,FP,FN
512,0.3,0.3,0.796875,0.8316008316008299,0.9456264775413689,0.8849557522118893,0.49774218397216247,0.8249484971534695,400,8,81,23
